_id,count
a,37358
c,525
m,303
b,273
t,271
d,238
shampoo,197
p,195
e,182
r,181
n,175
s,174
o,164
g,160
soap,159
f,145
l,127
toothpaste,126
condom,97
z,90
h,87
sanitizer,86
v,81
i,74
pen,73
insulin,69
vitamin d,67
multivitamin,66
pain killer,66
joint inflammation,66
joint pain,65
rapid acting insulin,65
allergy,65
heart attack,65
probiotic,65
menstrual pain,65
pain gel,64
glimepride,64
infertility,64
immunity,64
diabetes,64
muscle cramps,64
second generation basal insulin,64
toothbrush,57
masala,56
patanjali,53
tooth paste,51
hair oil,49
k,47
handwash,39
pan,37
u,36
tea,31
face wash,31
dytor,30
biscuit,28
met,28
j,28
mask,27
sugar,27
diaper,27
atorva,26
hand wash,26
oil,26
household,26
colgate,25
tablet,25
dabur,25
facewash,24
noel,24
medi slim,23
harpic,23
losar,23
emami,22
body wash,22
mayurank,21
himalaya,21
gly,21
q,21
perfume,21
adult diaper,21
w,20
a to z,20
nexito,20
tel,19
dettol,19
omez,19
glycomet,18
joint,18
tablet mg,18
rice,18
ghee,18
ato,18
volini,18
zincovit,17
horlicks,17
car,17
nail polish,17
spice,17
panto,17
godrej,17
met xl,17
jointace,17
conditioner,16
body oil,16
0,16
cil,16
coffee,16
pant,16
hand sanitizer,15
amlo,15
pears,15
liv,15
ator,15
whisper,15
hinged knee cap,15
evion,15
lact,15
powder,15
thyro,15
sunrise,14
honey,14
moov,14
boroline,14
flamingo,14
pantocid dsr,14
sugar free,14
chocolate,14
ensure,14
pampers,14
detergent,14
pan 40,14
pantoc,14
olm,14
toilet cleaner,14
ten,14
dove shampoo,14
mon,14
 20gm 20 gm,13
eco,13
pre,13
ome,13
nivea,13
condom pack of 10,13
complan,13
olmesar,13
keraboost,13
shelcal,12
orofer,12
body spray,12
pulmo plus,12
lacto,12
floor cleaner,12
tooth brush,12
hajmola,12
dytor 10,12
papad,12
joi,12
sanitary pad,12
candy,12
pantoci,12
aciloc,12
vaccine rabies,12
bra,12
ball pen,11
glyc,11
mickey,11
pediasure,11
calpol,11
febutaz,11
lip balm,11
liv 52,11
burn cream,11
pan d,11
moisturizer,11
mustard oil,11
rantac,11
pantocid,11
jeera,11
pantocid ds,11
ecosprin,11
d protin,11
metolar,11
telma,11
tab,11
rosuvas,11
amlosafe,11
turmeric powder,11
shel,11
oats,11
amla,10
thyrox,10
sensodyne,10
jam,10
bet,10
sugarfree,10
eltroxin 100 mcg tablet tab,10
nex,10
deo men,10
betacap,10
tomato,10
mont,10
metrogyl,10
lac,10
join,10
thyr,10
tazloc,10
chyawanprash,10
lactonic,10
ecosp,10
green tea,10
itch guard,10
agarbatti,10
clinic plus,10
ros,10
battery,10
dabur honey,10
vogli,10
stayfree,10
seroflo,10
bleach,10
mega,10
saridon,10
cila,10
commode,9
deo,9
mug,9
pencil,9
paracetamol,9
jointa,9
savlon,9
eltroxin,9
jk,9
amlosa,9
x,9
glycomet gp,9
ecosprin av,9
eye pad,9
pasta,9
febu,9
sobisis,9
hinged knee,9
vim,9
hair color,9
pro,9
dolo,9
cerelac,9
evio,9
betacap 10,9
incense sticks,9
brainiest syrup 150 ml 150ml,9
rosave,9
syndopa,8
mmf,8
go,8
coconut oil,8
pra,8
cilacar t,8
wipes,8
surgical mask,8
glu,8
nexpro,8
sunsilk,8
nexit,8
sobis,8
zayo,8
boroli,8
telvas,8
protinex,8
cilacar,8
sto,8
omez 20,8
lacto calamine,8
brush,8
thy,8
elaichi,8
dhoop,8
adult diapers,8
a to,8
clo,8
taz,8
dytor plus,8
human,8
losar 50,8
digene,8
vitamin,8
aldac,8
montina,8
rozudoc,8
coerip,8
jeera powder,8
petril,8
cetriz,8
supradyn,8
polycrol,8
poly,8
pad,8
gluco,8
dove,8
supra,8
haldi,8
oro,8
ots,8
lactoni,8
meftal,8
johan,8
olmetime,8
atorva 10,8
beta,8
tor,7
neu,7
torglip,7
limcee,7
meganeuron,7
otri,7
ecos,7
nexi,7
salt,7
jeen,7
ondero,7
candi,7
meat masala,7
alaspan,7
prolomet,7
sug,7
sobi,7
may,7
surf,7
dige,7
cough syrup,7
sauce,7
paper boat,7
dates,7
evi,7
shelca,7
etizola,7
all,7
serum cream lotion,7
dytor pl,7
after shave lotion,7
gli,7
rosu,7
free,7
dyt,7
gel,7
coffe,7
uprise,7
sup,7
sildenafil,7
sugar free gold,7
nurokind,7
pructos,7
sensur,7
baidyanath karela,7
face scrub,7
garam masala,7
bio,7
basugine inj 100 iu ml 3 cart 1pc 1 pc,7
hair colour,7
vita,7
star,7
cyra d,7
lantus,7
glyco,7
glycom,7
ser,7
wow,7
clobazam,7
metformin,7
zest,7
lactogen,7
softovac,7
ryzodeg,6
blade,6
pregaba,6
stolin,6
floor,6
novomix,6
dal,6
prega,6
y,6
newtel,6
rozu,6
roz,6
torglip m,6
isabgol,6
coeri,6
tri,6
kajal,6
zandu,6
 25 mg 25mg,6
ecospr,6
orof,6
gloves,6
gemcal,6
esto,6
sex,6
rozucor,6
aten,6
cvh,6
nexito 5,6
vinegar,6
revital,6
met xl 50,6
risp,6
baby diaper,6
onder,6
cholest,6
sanitizer spray,6
biscuits,6
body lotion,6
face mask,6
neopeptine,6
lifebuoy,6
metro,6
febut,6
fol,6
cal,6
red chilli powder,6
gluconorm,6
sta,6
patanjali soap,6
i pill,6
dolo 650,6
5 sanitizer,6
montina l,6
ind,6
health drinks,6
band aid,6
room freshner,6
joint ace,6
betadine,6
baby,6
mamy,6
she,6
dig,6
montek,6
4 ever,6
condition,6
box,6
balm,6
zapiz,6
gle,6
minoxidil,6
aldacto,6
galvus,6
nuforce,6
cotton,6
eno,6
vitamin e 400 capsul,6
sompraz d,6
johan s,6
stoli,6
stol,6
coer,6
candies,6
pampers l,6
condoms,6
joint ace c,6
joint ace c2,6
jointace c,6
carmozyme,6
bidin r,6
loc,6
lipbalm,6
toothbrash,6
der,6
atorvastatin 40,6
iodex,6
meftal f,6
borolin,5
spices,5
telmikind am,5
horliks,5
toys,5
met xl 25,5
cycle,5
ran,5
amlokind,5
shower gel,5
losa,5
orofer xt,5
juice,5
ponds,5
ecosprin a,5
colo,5
atta,5
vildamac,5
dyto,5
cooking oil,5
amitryn,5
sgl,5
nuro,5
sgltr,5
acilo,5
eslo,5
aciloc rd,5
telmikind,5
olmesar a,5
betno,5
max,5
mino,5
omega 3,5
concor,5
condo,5
polybi,5
tentex,5
calcium,5
mixtard,5
black pepper,5
gen,5
wips,5
olanex f5 20,5
accu chek,5
monte,5
nescafe,5
thyronorm,5
omee,5
nasal spray,5
starpress xl,5
jalra,5
durex,5
pan40,5
revital h,5
shelcal ct,5
glip,5
glycomet sr,5
adult diaper pant,5
tra,5
sanitary,5
toner,5
canesten,5
rabeprazole,5
dabur chyawanprash,5
ecosprin av 75,5
methi,5
antiseptic liquid,5
 10 mg 10mg,5
olmetim,5
pregab,5
eye shadow,5
hh omega,5
tene,5
nodosis,5
reno,5
wild stone,5
dex,5
glipt,5
depura,5
pentids,5
dexorange,5
glimisave,5
cookies,5
luciara,5
maggi,5
new,5
amlodac,5
neop,5
ranbaxy,5
vit,5
verizon,5
storvas,5
methylcobalamin pregabalin,5
pru,5
fair,5
ezanic,5
gal,5
bor,5
telecast,5
neugaba,5
agarbati,5
baidyanath aloe vera,5
black hair colour,5
deodrant,5
b6,5
glycomet g,5
rupa,5
axe,5
nerve,5
glimi,5
harpic bathroom cleaner,5
i can,5
esmo,5
mamaearth,5
dcorn,5
metrog,5
face was,5
meto,5
d prot,5
naprosyn,5
tri activ,5
boron,5
boro,5
ver,5
sal,5
starpress,5
cup,5
baidyanath aloe,4
baidyanath,4
deventin,4
lacton,4
coriander powder,4
cetaphil,4
roll on,4
choco,4
similac,4
thyroxine sodium tablet,4
hair remover,4
polybion,4
sampoo,4
omez d,4
met x,4
glipta,4
sobisis forte,4
uri,4
ecospri,4
foundation,4
kit,4
clopi,4
orofer x,4
napros,4
can,4
mg tablet,4
zay,4
rosave g,4
nexpro rd,4
solo,4
vaseline,4
colospa x,4
rhamo,4
aloevera gel,4
bb,4
vog,4
rozudoc 10,4
rozud,4
canditz,4
q car,4
torglip m 50,4
rosuvas f,4
celin,4
samion,4
rosave gold,4
cand,4
serof,4
dexora,4
taripl,4
diamox,4
sompraz d 40,4
fens,4
nailpolish,4
upr,4
alcohol liq,4
galvusmet,4
herbal,4
con,4
fanceta,4
mecone,4
psora,4
azulix,4
phenyl,4
tripl,4
haldi powder,4
everest,4
neo,4
febuget,4
rosa,4
meg,4
null,4
ceftum,4
glemont,4
dexo,4
predi,4
water bottle,4
rab,4
zinc,4
glycinorm,4
voli,4
corn flakes,4
min,4
travel pillow,4
accu,4
calgal,4
hugg,4
syrup,4
becosules,4
streax,4
mintop,4
shampoos,4
offer,4
montair lc,4
accu che,4
zyrova,4
zilos,4
garam,4
eltr,4
rozudo,4
biotique body,4
cream,4
volitra,4
cornflex,4
eveready ultima alkaline 2115 aa lr6 battery 1.5 v,4
neurobion,4
scrub,4
paroxetine,4
capsule,4
novostat,4
fen,4
vogli trio,4
tonact,4
syndopa cr,4
febustat,4
rema,4
cetri,4
retinol,4
glycome,4
eyeliner,4
jointking,4
surfaz,4
lim,4
atorli,4
ashwagandha,4
gemer,4
pain,4
lubrex,4
voice,4
glycomet s,4
aci,4
vert,4
nap,4
poha,4
room spray,4
napr,4
carmo,4
kellog,4
foracort,4
nervimin seven,4
stationary,4
levacetam 250,4
god,4
hife,4
nivea soft,4
petril md,4
novastat,4
galvu,4
tacroz,4
folvite,4
lax,4
ince,4
ceta,4
vildamac m,4
olmy,4
health drink,4
vil,4
vilda,4
betacap 1,4
accu chek in,4
mefta,4
atocor,4
istavel,4
dytor plus ls,4
gardenal,4
sere,4
lipstick,4
pamper,4
olive oil,4
lupi,4
good knight,4
baby soap,4
fab,4
polyb,4
epi,4
aloevera,4
deodorant,4
milk powder,4
antiseptic,4
tele,4
incecal,4
fair lovely,4
canditral,4
server,4
dytor plus ls tablet 15 tab cipla ltd. 10 mg 10mg,4
tac,4
crocin,4
candid powder,4
tenepride,4
cilacar 20,4
chya,4
johansons,4
pimide 2,4
organic tea,4
amaryl,4
telista,4
estova,4
pruct,4
glycomet gp 2,4
aprolexa plus,4
glimiprex mf 2,4
phenyle,4
single line,4
cogni,4
mas,4
comfort,4
mamypoko,4
diarex,4
gabapin,4
arnica,4
revive,4
harpic bathroom,4
rosave d tablet 10 mg 10mg,4
viroprotek,4
januvia,4
gliptagreat,4
kena,4
carbophage,4
nobegliz,4
dulan,4
prolomet xl,4
metola,4
milk,4
neurof,4
wow shampoo,4
hifenac,4
black pen,4
notebook,4
vesbal,4
geripod d,4
saffron,4
amlosafe tablet teleact 5 mg 5mg,4
nevia,4
atorl,4
atorlip,4
riva,4
thigh support,4
nuf,4
nufo,4
tenglyn m,4
glimisa,4
hosi,4
hosit,4
b protin,4
teleact,4
shelcal hd,4
feeding bottle,4
geripod,4
lukure,4
lizol,4
pari,4
pari cr,4
gala,4
vintel,4
galv,4
wellwoman,4
budecort,4
feb,4
triple,4
vibite,4
ourdaily,4
alk,4
bexol,4
glem,4
glemo,4
glemon,4
lifree,4
joint a,4
keraglo men,4
rosuv,4
pickle,4
dhania powder,4
galvusm,4
preg,4
napro,4
val,4
borol,4
meconerv,4
insulin lispro,4
torg,4
aldacton,4
olmy d,4
olmy d 20,4
diabetic,4
tacr,4
tacro,4
veracet,4
oltime,4
comod chair,3
kismis,3
sol,3
garde,3
gard,3
superia,3
suthol,3
cardi,3
lasix c,3
azoran,3
colgate brush,3
levera,3
kismish,3
amlosafe 5 mg 5mg,3
eritel,3
telma am,3
zoryl m,3
accu ch,3
decolic,3
midazolam,3
frisium,3
wel,3
floxin,3
rosav,3
unicontin,3
a to z gold,3
swich,3
pol,3
glimed mf tablet 10 tab 1 mg 1mg,3
starpress xl 50,3
carbophage xr,3
cla,3
verti,3
therapeutic,3
dexoran,3
rifakem,3
meco,3
kondro od,3
skin vitamin,3
sgltrm,3
insul,3
telista mt,3
ner,3
pand,3
my,3
feburic,3
santoor,3
neuro,3
hifena,3
pain balm,3
colospa,3
toothp,3
tell,3
naturolax,3
tellzy,3
moisturiser,3
knee cap,3
hair serum,3
chana dal,3
tonact tg,3
duo,3
eye mask,3
caldikin,3
levo,3
zan,3
nevanac,3
candit,3
no p,3
rano,3
carmozy,3
baby shampoo,3
duva,3
sens,3
cinod 10,3
bp monitor,3
domstal,3
uprise d,3
carbopha,3
gold,3
bri,3
arden,3
simbrinza,3
3ply mask,3
little s,3
ari,3
tenefit,3
oral b,3
beco,3
clear,3
nebuli,3
caldikind,3
baby body wash,3
menstrual cup,3
levofloxacin,3
bro,3
zyrova gold,3
telmi,3
ranoz,3
teri,3
suprad,3
calcium carbon,3
megane,3
posto,3
gilette,3
keto,3
l methyl,3
rasuvas,3
organix,3
kayam,3
cleargel,3
meganeuron nt,3
basmati,3
n95 mask,3
pantop,3
methim,3
baby stroller,3
soup,3
2004,3
amla candy,3
telmikind ct,3
prolomet x,3
unienzyme,3
deriph,3
cyra,3
net,3
fresubin,3
bandy plus,3
glycerine,3
tenepride m tablet 15 tab 500 mg 500mg,3
sastasundar,3
tus,3
stapler,3
ostocalcium,3
menthime,3
tazlo,3
godre,3
arbitel,3
pructo,3
bec,3
head shoulders,3
esto tel,3
neugaba m,3
flu,3
montair,3
monticope,3
glow lovely,3
pregabid,3
jal,3
noodles,3
flbo,3
zes,3
dettol medicated plaster washproof 1 pc 1pc,3
m d s,3
vildam,3
telekast,3
d cold,3
derip,3
sugar free go,3
nano leo,3
thyrox 1,3
multi,3
vrpz,3
shaving cream,3
soyabean oil,3
muci,3
vlcc shampoo,3
custard,3
tongue cleaner,3
trivoglitor,3
dep,3
hell,3
dibeta sr,3
corabrad,3
cep,3
kids pro,3
tata salt,3
laxit,3
alkaston,3
magnesium,3
catheter,3
dry,3
mucinac,3
glycip,3
baby milk,3
tadalafill,3
i know,3
tab plus,3
dishwash,3
nit,3
syndop,3
phostat,3
chawanprash,3
everest saffron,3
zolfresh,3
depl,3
incense stic,3
dapoxetine,3
famo,3
amtas,3
teriparatide,3
ramsons,3
everest garam masala,3
ferium,3
sunscreen,3
famocid,3
maxo,3
buy 1 get,3
for,3
romilast fx,3
adult,3
trinerve,3
pouch,3
digestive candy,3
becos,3
pantocid 40,3
minipress,3
uprise d3,3
prol,3
stayfree secure extra large,3
ami,3
baby cream,3
liv 52 ds,3
talc,3
schizonil,3
somp,3
sur,3
notepad,3
tazloc 40,3
lacta,3
amlosafe 3,3
espin at,3
baby pant,3
proli,3
stamlo,3
lifree extra,3
zandu n,3
glimiprex,3
calcimax,3
harpi,3
levocetirizine,3
dev,3
lux soap,3
amazeo,3
dox,3
norflox,3
body lotion nivea,3
indulekha,3
drink,3
metrogy,3
dishwash bar,3
n95,3
sar,3
pantop 40,3
patanjali detergent cake,3
alz,3
laveta,3
chy,3
face cream,3
glyci,3
glyciph,3
til,3
inditel,3
hair oil 200,3
ors,3
25 gel,3
mac,3
glimisave m,3
zol,3
sof,3
petril md 0.25,3
glyciphase,3
colgate toothpaste,3
face serum,3
sanitizing wipes,3
bio d,3
digeplex,3
stor,3
rami,3
liofen xl,3
flav,3
tynor knee cap,3
syringe,3
b p monitor,3
prugo,3
suprady,3
olmesar 20,3
room,3
nod,3
morisons,3
one touch,3
san,3
montek ab,3
garnier,3
cetr,3
boronil,3
spirit,3
cetapin xr,3
metxl,3
detergent powder,3
pentids 400tab,3
kids toy,3
ajwain,3
pructos 20,3
etizola plus,3
rose water,3
clin,3
clop,3
megapen kid tablet 10 tab 250 mg 250mg,3
starp,3
bai,3
baidhy,3
shampo,3
dove soap,3
rosvin a,3
ferr,3
silverex,3
mankind,3
ter,3
flupentixol melitracen,3
rozuc,3
febuta,3
ker,3
tata,3
neocate,3
risnia md,3
montek lc,3
harpic power fresh 6 toilet rim block floral delight 35 g,3
clocit,3
vitazyme,3
netlin,3
kenacort,3
glimiprex mf,3
disper,3
pregeb,3
megan,3
nexpro rd 40,3
clopivas,3
coconut,3
lup,3
ate,3
procyclidine,3
mahagaba m capsule 10 cap 75 mg 75mg,3
nan,3
chimney,3
nim,3
methimez,3
inderal,3
glimiprex m,3
megavog,3
top,3
comfy baby pants,3
dexor,3
cetapin,3
exa,3
betnovate,3
dailyglim,3
bandage,3
tremnil,3
krimson,3
livogen,3
cartispec,3
nurobion,3
toy,3
viagra,3
zinco,3
levipil,3
free gold,3
masoor,3
rozucor 10,3
salical,3
doms,3
petril m,3
cond,3
plain,3
tear drop,3
esmo d,3
ubniche,3
fourderm,3
horlicks plus,3
sero,3
seroflo s,3
vesbal 16,3
sugar free gol,3
nur,3
thyrono,3
agarbat,3
agarbathi,3
burn spray,3
dignity,3
biryani masala,3
drop,3
red chilli,3
glyciphage,3
head sh,3
clobaz,3
vitamin e,3
phe,3
minipress xl 2.5,3
geminor m3,3
patanjali chyawanprash,3
soap 100,3
over,3
over d,3
belt l,3
clopitab,3
chutney,3
thermal pants,3
i activ,3
adult diaper l size,3
boroni,3
boronile,3
parachute oil,3
tropine,3
wild stone deo,3
kesar,3
apidra,3
silodal,3
flunil 60,3
cefuroxime,3
baby lotion,3
pla,3
mucibel,3
saniti,3
com,3
henna,3
nail,3
adult pant,3
gar,3
instant,3
losar 5,3
bottle,3
ctd,3
valparin,3
ondero 5,3
pentaloc,2
geripo,2
ger,2
sagu,2
sag,2
khamira,2
marcogesic oil,2
marcogesic,2
teripara,2
shahi garam,2
lal mirch gota,2
calciteo-,2
emami healthy tasty mantra,2
sugarfree gold,2
neomyc,2
risnia md 4,2
prostagard,2
dydrogest,2
dydroge,2
dydrog,2
dydr,2
lactulo,2
lactu,2
baidyanath aloe ver,2
baidyanath alo,2
baidyanath a,2
baidyana,2
baidyan,2
baidya,2
baid,2
azora,2
gliptagreat m,2
espin a,2
espin,2
gliptagre,2
gliptag,2
azulix mf forte,2
azulix m,2
zin,2
dusale,2
apz,2
levocarnitine,2
cripalex 10,2
vogli 0.2,2
amlosafe 5,2
prami,2
febuget 40,2
glycomet gp 2 forte,2
clexane,2
waist belt,2
reclide,2
soya,2
telvas am,2
rabo,2
sipper,2
otrivin oxy,2
novastat cv,2
cilinidipine,2
soyabean,2
neugaba n,2
mucaine,2
chole,2
janumet 50,2
vogli trio 0.2,2
tegliptin m,2
inceca,2
metrogyl extended release tablet 600mg 600 mg,2
midazolam 5mg 5 mg,2
everest sambhar masala,2
acenac p,2
fiama body,2
morison,2
panch phoran,2
briv,2
patanjali detergent,2
ozotel,2
duet,2
biluma skin brightening,2
swi,2
divaa,2
chaw,2
telmikind a,2
godrej bathroom,2
patan,2
cake,2
ctd t 40,2
ctd t,2
metforin,2
clincin,2
iotim plus,2
aptamil,2
apt,2
sob,2
fpstatin 40mg 40 mg,2
paper,2
baidyanat,2
maxtra,2
limc,2
gp,2
lant,2
isryl m,2
isr,2
wheel,2
elthroxin,2
calcium citrate,2
mecofol,2
prostina,2
glynace,2
eltroxin 12,2
ola,2
cetriz syrup,2
systane,2
cloba,2
nuroboan,2
bifilac,2
duv,2
d rise,2
linagliptin 5,2
ecosprin av 150,2
kali,2
glyciphage g2,2
zimcee total,2
metformin 500,2
capsules,2
xl pad,2
zymof,2
rantac 300,2
samion cd,2
norm,2
uni,2
ive,2
loreal paris total repair .,2
sanitiz,2
sri,2
diapers,2
omega 3 fatty acids combinations,2
softeron,2
holud,2
sports,2
rosalyn z,2
glucosamine,2
protera,2
badam,2
cyblex m,2
vida,2
kul,2
roseday a capsule 10 cap 20 mg 20mg,2
tissue paper,2
atocor 10,2
veltam plus,2
brain pen,2
soap 150,2
teneligliptin,2
alkast,2
lactp,2
chiwda,2
dia,2
dart,2
norflox tz,2
esif,2
ele,2
loreal shampoo,2
beard,2
femocid 40,2
linox,2
moni,2
ice box,2
glmiphase,2
thermometer,2
ramistar m xl,2
absolut,2
matar,2
olmax,2
aloe vera,2
hifenac mr,2
obimet,2
syst,2
dr.r,2
rasuva,2
shower cap,2
odh,2
olkem be,2
tendocare,2
loette,2
e s,2
spye,2
bis,2
vymada,2
entero,2
coq,2
accu chek active strips,2
ova,2
patch,2
fresubin dm,2
olmeti,2
eltroxin 1,2
amlosafe tablet teleac 5 mg 5mg,2
lakme milk,2
m dapa,2
vicks,2
calcidef,2
p 650,2
dantkanti,2
urivoid,2
sanitary napkin,2
folitrax,2
conc,2
nurokind n,2
vogli tr,2
entako,2
ifin 250,2
ifin,2
valkem,2
qcar forte,2
rosave gol,2
purna,2
ketraz,2
esi,2
baidhya,2
torglip m 5,2
telmisartan 80,2
levera tablet 15 tab intas pharm 500 mg 500mg,2
ryzo,2
movn,2
nefri,2
nobegli,2
tacroz forte,2
trajenta,2
cadd,2
tenginow m,2
dicalis,2
inogla,2
clinic,2
azithromycin,2
thyrox 15,2
voage,2
lactare,2
nexpr,2
skin body,2
laxit plu,2
calcimax 500,2
kep,2
oka,2
zerodol p,2
himal,2
kaju,2
ursocad,2
liv 5,2
dab,2
lion,2
dorsun,2
pramirol,2
health tea,2
hair conditioner,2
colgate k,2
minox,2
natur brown,2
tears,2
glimisave mv,2
okacet,2
okace,2
pencils,2
sugar free natura,2
lave,2
 80 mg 80mg,2
olmetime 40,2
distinon tablet 10 tab,2
dut,2
pioz,2
valprid c,2
fensit,2
eltroxin 50,2
minipress xl 2,2
esiflo,2
patanjali honey,2
sugar free g,2
tenepride m,2
argan,2
surgical,2
dr alcohol,2
quogress,2
iotim,2
naphthalene,2
trese,2
methotre,2
apreniche,2
hair oil 100,2
shaving foam,2
ecosproin,2
ecosproi,2
coerip 30,2
ecospro,2
biotique,2
gen d3,2
clobaza,2
esome,2
triglynase,2
toothbrush kid,2
disinfectant spray,2
5 sanit,2
suprag,2
zilos tablet 10 tab fdc limited 50 mg 50mg,2
jointace dn,2
zymofla,2
zil,2
azulix mf fort,2
raz,2
syndopa cr 1,2
bio oil,2
deriphyllin od,2
enfagrow,2
glycerine soap,2
deriphyllin,2
zor,2
deriphy,2
stator,2
rosulip,2
nurokind next,2
naprosyn sr tablet 10 tab rpg lifescien,2
coe,2
nicip plus,2
inogla m,2
rosuvas f 20,2
predislo,2
indera,2
godrej protekt,2
thomox,2
vim gel,2
lasic,2
urimax dx,2
stiooz,2
ens,2
fortune,2
cefu,2
perfumes,2
flodart,2
laxit pl,2
veltam,2
ecopringe av 75,2
ziten tablet 15 tab glenmark pharmaceuticals ltd.,2
rozalet,2
amlosafe tablet 15 tab aristo pharmaceuticals private limited. es 5 mg 5mg,2
almotan,2
fam,2
cepien,2
ra,2
olay,2
fer,2
wheel chair,2
azithral,2
novomix 30,2
elle,2
meconerv z,2
tiniba,2
vaadi,2
canditz 200,2
calinta,2
johanso,2
gabapin nt,2
concor co,2
apron,2
chawan,2
cumin powder,2
zandu cough syrup,2
deltone,2
beta natural,2
atorva 4,2
glyciphage 1,2
amloki,2
fenceta,2
paan,2
gardi,2
suprak,2
glyciphase sr,2
risp 0.5,2
sompraz l,2
protein powder,2
little,2
roll on deodorant,2
atorva 20,2
diprate,2
escitalopram clon,2
escitalopram,2
mantra,2
q car forte,2
glyjo,2
stick,2
atorva gold,2
entakon,2
becosule,2
vitamin b tablet,2
febustat 4,2
gillette,2
telme,2
chocolates,2
est,2
tetelma,2
patanja,2
remac,2
telmikind ct tablet 10 tab 80 mg 80mg,2
jac,2
orcr,2
underpad,2
tide,2
date,2
glyt,2
fanceta t,2
grlon,2
basugin,2
potrate mb 6,2
norethisterone,2
betn,2
dydroges,2
mouthwash,2
duphalac,2
dove hair fall rescue,2
fevirich,2
omez 40,2
lubricating,2
enta,2
ensho,2
alkepin,2
accu chek i,2
boost,2
alkaston b,2
nimica,2
tamsulosin dutasteride,2
qutipin,2
trin,2
topomac,2
alkepin od,2
remac c,2
chana,2
etoshine mr,2
vib,2
dettol antiseptic,2
ista,2
ryz,2
alkepin o,2
libr,2
manforce,2
ovral,2
ins,2
immunity booster,2
para,2
vintel 40,2
spy,2
plageri,2
conco,2
sitagliptin,2
acne,2
amtas5,2
tab clocit,2
lino,2
libarax,2
zag,2
ziten,2
glimisav,2
polybon,2
romil,2
epilex 500,2
olmetor,2
biryani,2
krims,2
patanj,2
jalr,2
suga,2
valp,2
sobisi,2
vitamin k,2
nicetam,2
godrej no,2
isryl,2
predislon,2
montek a,2
signoflam,2
men face wash,2
johan sons,2
schi,2
foot care,2
neomycin,2
solution,2
thyrox 25,2
maybelline lipstick,2
283202,2
neurorex,2
ace,2
usp,2
fac,2
super,2
nulong,2
bandrone,2
sertraline 50,2
lavera,2
fai,2
liquid detergent,2
methycobal,2
trip,2
atorbest,2
tar,2
alcoran 5,2
becozinc,2
sebam,2
adul,2
mobile,2
cortel trio,2
turmeric,2
gri,2
upri,2
gabantin nt tablet 10 tab,2
amlozaar,2
thyronorm 82,2
hyla,2
mucin,2
carmoz,2
cvheal,2
fan,2
rice oil,2
aldactone,2
tray,2
otrivin ox,2
libri,2
amlosafe tablet telea 5 mg 5mg,2
dsun,2
pediasure 7,2
tenepri,2
feburic 40,2
rabonik plu,2
gel pen,2
cili,2
ointment,2
d3 must 60k,2
naprosyn sr tablet 10 tab rpg lifescie,2
healthbuddy noknok,2
volini s,2
duof,2
noodle,2
eltro,2
cello,2
clopiv,2
ranace-,2
fevijod,2
minoxi,2
mam,2
belt in,2
triplea,2
prot,2
menthim,2
penci,2
dyna,2
telma a,2
chia seeds,2
masoor dal,2
dusa,2
fensi,2
salical crea,2
cottony,2
rice bran oil,2
cov,2
nicotex,2
nurokind nex,2
estroease tablet 10 tab,2
lav,2
viltab 50,2
neusprin,2
wagh bakri,2
sanitary pads,2
neopni,2
offers,2
luliconazole,2
supermet h tablet,2
tacroz forte ointment glenmark pharmaceuticals ltd. 20 gm 20gm,2
ketchup,2
potra,2
serlift,2
nevia soft,2
hair,2
tiffin box,2
bidi,2
oral b toothbrush,2
rabonik plus,2
autrin,2
ama,2
sobissi,2
propy,2
brin,2
carnidin,2
fla,2
test kit,2
cad,2
vitel,2
flaved,2
lupiflex,2
flbot,2
gabap,2
minoxidil 5,2
lactodex 4,2
pramipe,2
rosumac,2
pet saffa,2
nurokind d3,2
normax,2
tazloc tablet 10 tab usv private limited 20 mg 20mg,2
tadalafil,2
pads xl,2
duofl,2
baidyanath chyawanprash,2
vogli tri,2
old spice,2
horlics,2
clocit 5,2
ston 1,2
colour pencil,2
forac,2
flutrol,2
rabonik,2
triosam,2
canditra,2
dynamic,2
ent,2
everest chili powder,2
 1 mg 1mg,2
thyrox 150,2
nitrocontin,2
eva,2
neeri,2
fanceta ta,2
levera 500,2
fag m,2
vrp,2
alke,2
torglip 50,2
acid,2
escitalopram clonazepam,2
oxida,2
telemi,2
glycinor,2
okac,2
lizol disinfectant,2
johans,2
face pack,2
depla,2
ferritin xt,2
m da,2
ostogard,2
digin,2
tomato sauce,2
dove shampoo conditioner,2
caddiorost,2
macdaxa,2
alda,2
lupifl,2
iodex ultra,2
aml,2
arice,2
color mix,2
dytor plus 10,2
elt,2
telma 80,2
covidf,2
shalimar,2
babool toothpaste,2
s vocita,2
basmati rice,2
sabu,2
glutaderm,2
dabo,2
jalra m,2
ka,2
knor,2
amlodipin,2
auto,2
turmeric po,2
flb,2
tacroz fo,2
efolvite,2
choliv,2
eto,2
scotch brite,2
otr,2
meft,2
valpr,2
olsert,2
alas,2
mupirocin,2
formonide200,2
grocery,2
caddioro,2
sofrm,2
anti pimple facewash,2
aricep m fort,2
gylo,2
napkin,2
swic,2
teneligliptin metformin,2
ayur salim,2
meganeuro,2
protera d,2
coba,2
pronagen,2
defza 6,2
olmax 40,2
budamate,2
ferrium,2
swasari,2
benizep,2
otrivin o,2
paperboat,2
covid,2
gluflozin tablet 15 tab 10 mg 10mg,2
febutaz 80,2
dextran,2
nitrosun,2
pampers diaper pants m,2
amlosafe tablet 10 tab aristo pharmaceuticals pvt. ltd. 5 mg 5mg,2
bd ultra,2
hand sanitizer 200 ml 200ml,2
tenepr,2
zymofl,2
alfalfa,2
fris,2
glymed,2
pants,2
loreal paris,2
metrogyl extended 600mg 600 mg,2
candid,2
aldacy,2
tripleacal,2
eye drop,2
suv,2
ascoril,2
stamp pad,2
tete,2
raisin,2
mouth wash,2
tulsi,2
ramist,2
liquid dishwash,2
kq,2
sim,2
fungicros cream,2
huma,2
istave,2
glimics m2,2
gluvilda m,2
eraser,2
geripod d ca,2
adult diaper pant l,2
metosartan 25,2
becosu,2
gifts,2
brilinta,2
cogmentin,2
ala,2
cho,2
43,2
glycomet 1 gm 1gm,2
alkas,2
accu c,2
shellys,2
margo,2
shin,2
glemaont,2
vogli m,2
plagerin,2
udip,2
tip,2
adult diaper l,2
book,2
rana,2
himalaya neem face pack,2
devi,2
isotroi,2
razor,2
jhandu bam,2
minoo,2
under pads,2
gelusil,2
durex condom,2
incecal 500,2
folic acid,2
flavedon,2
olkem b,2
gold 20,2
febustat 40,2
glimis,2
amary,2
pentonic,2
mov,2
debigo,2
glipijub 10,2
dha 200 mg 200mg,2
chocos,2
azith,2
turbocort gel,2
teneb,2
tin,2
deri,2
oltim,2
covidfind,2
protinex dia,2
omeg,2
glycomet gp 1,2
jeera whole,2
pantafol,2
softova,2
est 5,2
exo,2
baby body lotion,2
adult diaper pant xl,2
topcid,2
sompraz,2
psora clear,2
tur,2
stay,2
ben,2
vasline 20,2
crassula,2
meftal fo,2
concor c,2
zilo,2
krimso,2
isryl m2,2
maxglow,2
grilinctus,2
montelukast,2
supraka,2
cilapam,2
corbis 5,2
rabium,2
neo merca,2
silotime d 8mg 8 mg,2
fexofenadine,2
combitide,2
amlokin,2
megafre,2
kulerro,2
ranace-500,2
isry,2
psoraclear,2
epilex,2
forte,2
sitcom forte,2
polybio,2
locopee,2
telrose,2
reshape,2
vaadi herbal,2
softo,2
invisible,2
naprosy,2
dyn,2
stamlo 5,2
rabon,2
sri tattva,2
teleact d tablet 10 tab sun pharmaceutical industries limited,2
s celepra 20 mg 20mg,2
nivea body lotion,2
zyro,2
140,2
aricep m fo,2
tiffy toffee,2
acc,2
olmet,2
brinzoma,2
macd,2
vitasmith,2
thyrox 12.5,2
maxmoist,2
cobadex,2
epitome,2
nike,2
suger,2
tetelma am,2
carefree,2
lupine,2
montral,2
parachute,2
krim,2
nurokin,2
lupinex,2
efil,2
mixt,2
sofrmic,2
genp,2
ranac,2
asthakind,2
azi,2
nobegliz 6,2
pudin hara,2
hifenac tablet 10 tab intas pharmaceuticals ltd.,2
28320,2
mosquito repellent,2
tripleaca,2
rapilif,2
thyroxinr,2
carb,2
2832,2
thermal tops,2
formonide 0.5,2
metrogyl extended release 600mg 600 mg,2
odonil,2
rattle,2
caddior,2
gum,2
abana,2
gemca,2
amlosafe tablet tel 5 mg 5mg,2
metol,2
piva,2
diamicron,2
cardiorosti,2
dytor plus 1,2
dytor plus l tablet 15 tab cipla ltd. 10 mg 10mg,2
minipress xl,2
d3 must,2
stick support,2
otriv,2
valke,2
meganeur,2
monit gtn,2
geripod d cap,2
body deodorant,2
caddio,2
calcirol,2
col,2
venue,2
lupif,2
udapa,2
teglip,2
aten 25,2
fair l,2
glemont a,2
nitro,2
levera 5,2
thyroxine,2
thrombophob,2
nobegliz m xr,2
nestogen,2
supragli,2
tiffin,2
metolar 50,2
insuli,2
keprra,2
olke,2
epsolin,2
lotepred,2
metrogyl ano,2
ranace,2
gaspa,2
qutipin sr,2
mucina,2
rebacer,2
dabur ch,2
atorva 5,2
tea masala,2
saaz,2
dabur chabanprass,2
montelucus,2
dutas,2
urimax,2
spf,2
 150 mg 150mg,2
syndopa plu,2
salbar,2
glycomet gp 2 fo,2
face cream fairness,2
montec lc,2
proh,2
sil,2
lifree absorb,2
stio,2
closeup,2
nefr,2
sanc,2
sance,2
seren,2
sexual,2
olk,2
bandrone 150,2
diapride m 2 mg 2mg,2
opticure,2
prop,2
tinzit,2
quog,2
gaba,2
azmarda,2
verizon syrup,2
tcetanil,2
salical cream,2
salba,2
feeding 20bottle,2
brilinta 90,2
cala,2
glimestar,2
amar,2
ramista,2
corcium,2
cha,2
compound benzoin tincture i.p,2
verac,2
kali mirch,2
glycomet gp 2 f,2
accu check,2
revital h wom,2
olmetil,2
folvin,2
procto,2
lote,2
proctos,2
samson,2
maxmoist eye drop,2
monti,2
mouthfreshner,2
cilodoc,2
pructos20,2
preva as,2
hugges,2
fair lov,2
fair love,2
fair lovel,2
atarax,2
lotep,2
dabur aswa,2
coerip 30 c,2
dabur aswagandha,2
equisulin m 30 100 iu ml 3 cartridge,2
fairness cream,2
himalaya baby lotion,2
gtn,2
eza,2
ezani,2
gluconorm sr,2
hing,2
shine,2
ezanic 20,2
johan son,2
bb cream,2
neopep,2
loreal paris 6 oil nourish nourishing shampoo 30 extra 5.5 ml 5.5ml,2
copy,2
valkem solution 100 ml alkem laboratories ltd. 500 mg 500mg,2
razo,2
deriphyllin o,2
neuga,2
kesh king,2
etova,2
soft toys,2
romilas,2
euq 10,2
ramistar,2
zanu,2
remacc cd,2
insulin lis,2
aqua,2
baby pants,2
unwanted,2
neo mer,2
jointace ace,2
udiliv,2
syndopa pl,2
oriflame,2
syndopa cr 125,2
kellogg s,2
nobody at,2
ramistar m x,2
dr.,2
gliptagrea,2
tariple,2
rozuco,2
revital h w,2
sertraline,2
thermal sets,2
rubired,2
aricep m,2
suprakal k2,2
amitriptyline hydrochloride methylcobalamin sr tablets,2
amitriptyline hydrochloride methylcobalamin sr,2
lupin,2
cilate,2
toothpick,2
dexamethasone,2
gab,2
briva,2
medrol,2
telpress 2,2
epitom,2
renolog,2
syn,2
syndo,2
syndopa c,2
syndopa cr 15,2
calcimax forte,2
syndopa cr tablet 10 tab sun pharma laboratories ltd. 125 mg 125mg,2
alkep,2
alkepin odt,2
calciteo,2
k glim m2,2
alkepin odt tablet 10 tab alkem laboratories ltd. m 12.5 mg 12.5mg,2
valk,2
vitreon,2
tab augmentin duo 625mg 625 mg,2
vitaz,2
rosave d tablet tab alembic pharmaceuticals limited 10 mg 10mg,2
rosave go,2
rifaximin,2
rosave gold 10,2
necoran,2
depiwhite,2
femocid,2
bio d3,2
happi,2
nityam,2
savlon hand wash,2
ocupol,2
aricep m f,2
tof,2
ramis,2
tofe,2
mometasone,2
pata,2
bertolli,2
fresholi,2
tynor taylor,2
fluvator,2
acogut,2
carbo,2
neo m,2
str,2
stro,2
strosa,2
strosal,2
starpressxl,2
cepha,2
rab d,2
montin,2
eye drops,2
chicken masala,2
lifree extra absorb,2
nob,2
nobe,2
nobeg,2
nobegliz 60,2
kidicare,2
dulane,2
lakme cushion matte lipstick cp2 pink prom 4.5 g,2
0.mirago,2
coerip 30 capsules koye pharmaceuticals pvt. l,2
tetelm,2
romilast,2
edible oil,2
cetapin v,2
cetapin v 0.3,2
tetelma a,2
glimisavev,2
glimisavev mv2,2
thyroxine sodium,2
metolar 100,2
asomex 2.5,2
entacom,2
aten 50,2
etrobax,2
uprise d3 60,2
cortel,2
cortel tr,2
acogu,2
cortel tri,2
rham,2
arigaba,2
pachak,2
imcee total,2
polibion sf,2
livon,2
pregeb m 75 od,2
cipla,2
superi,2
shoe glue,2
neurovit,2
suprakal k,2
lux,2
tari,2
atorest,2
dettol handwash,2
benitowa,2
meftal fort,2
activating,2
geri,2
maxvoid,2
toilet paper,2
potklor,2
parampara gold,2
pot,2
rupa agni,2
skin cream,2
honitus,2
methime,2
isopropyl,2
zincosule,2
men,2
menthi,2
menthimez,2
clinge,2
inc,2
nurok,2
incecal 5,2
synd,2
amr,2
amril,2
rhamo g,2
emami fair handsome winter,2
glim,2
pregabid nt tablet 15 tab intas pharmaceuticals ltd.,2
condome,2
lev,2
mx,2
pant l,2
minoxidi,2
dynami,2
note books,2
betaca,2
dynamic dc,2
ves,2
lecha,2
musli,2
cilnidipine telmisartan,2
glogeous,2
enzyme,2
clingen,2
dett,2
metho,2
peanut butter,2
diapers pant,2
preparations,2
telpress 20,2
sugar eye,2
empagliflozin,2
candiderma,2
teleact d,2
tryptomer10,2
zimu,2
aristo,2
retinol 0025,2
nebulizer,2
lupifle,2
rivaban,2
chicco,2
angistat,2
highlighter,2
nufor,2
comb,2
nuforce 150,2
omni,2
theot sr,2
vin,2
amitriptyline,2
sugar fee gold,2
adult dia,2
thrombophob ointment,2
telmital ct,2
vitanova,2
naprosyn 500 + tablet 10 tab rpg life sciences limited,2
piv,2
pivas,2
brahmi,2
roseday,2
kri,2
insulin lispro biphasic,2
telista m,2
glimestar m,2
formonide,2
olmy d tablet 10 tab zydus healthcare limited 20 mg 20mg,2
geminor m,2
q car fo,2
bilo,2
baidyanath aloe v,2
concor cor,2
macvestin,2
essita,2
cephal,2
debi,2
de proteine,2
charcoal,2
telpress 210,2
instamet,2
rha,2
revita,2
revital h wome,2
baby diapers,2
nux,2
caddi,2
nux vomica,2
aricep,2
vertigon,2
potr,2
potrate,2
potrate mb,2
alkasto,2
femilon tablet 21 tab,2
alkaston b6,2
macda,2
meganeu,2
meganeuron o,2
meganeuron od,2
venpres,2
calgel,2
frusemide,2
alsacto,2
glo,2
aciloc 150,2
onion sampoo,2
corte,2
epis,2
metr,2
lio,2
voglitab,2
eti,2
revital h women,2
neopnia,2
godrej no 1,2
telm,2
hot bag,2
zayo 50,2
sf2,2
whole spices,2
atorva 40,2
welfer,2
dvine,2
nepha,2
arampara,2
volin,2
prazopress,2
samion cd3,2
huggies,2
vitamin d3,2
clavam 625,2
feri,2
cle,2
kellogg,2
hair oil dabur,2
netlin ls,2
kule,2
kulerr,2
carboph,2
himan,2
saaz ds,2
saaz ds 1mg 1 mg,2
body soap,2
neuror,2
joha,2
rosuva,2
joh,2
johan so,2
johanson,2
rools,2
shelcal m,2
gemer ds,2
candid v,2
carbop,2
little s wipes,2
amlong,2
accu chek ins,2
bid,2
glimestar m2,2
borosil hydra stainless steel bottle easysip 750 bsw75,2
glycomet gm,2
no scars,2
fa,2
tho,2
dr. reckeweg r2,2
rozucar,2
rozucar f,2
aer,2
ram,2
1 metformin,2
ramistar m,2
digepl,2
sami,2
d pro,2
cart,2
nmf cream ba,2
cholecalciferol,2
nuroki,2
muci bael,2
nmf cream,2
cremalax 10 mg 10mg,2
preva,2
lib,2
coerip tablet 30 tab koye pharmaceuticals pvt. ltd.,2
ra thar,2
glimisavev mv,2
contiflo,2
vim bar,2
trika,2
istamet xr,2
moong dal,2
am tablet,2
woman plus horlicks,2
pepsodent g gum care,2
clotrimazole cream,2
vildama,2
himalaya shampoo,2
neugaba m 75,2
patanjali face wash,2
masolin,2
ahaglows,2
sergical,2
amul,2
mat lipstick,2
gol,2
massage cream,2
tonact 20,2
oxramet xr 10 tablet 7 tab 1000 mg 1000mg,2
salbair neb,2
suger free,2
almox capsule 15 cap 250 mg 250mg,2
naprosyn sr tablet 10 tab rpg lifesciences,2
aztor,2
neko,2
i feel,2
act,2
isotr,2
tenep,2
bio hair,2
iso,2
isotro,2
prolic,2
prostagard d cap 8mg 8 mg,2
a to z cyrup,2
caltex,2
vitamin c li,2
makeup brush,2
e s 400,2
foraco,2
nmf,2
pat,2
nmf cream baby,2
suvida,2
thyrox 100,2
head shoulder,2
caddiorostin,2
heating bag,2
lineway,2
cli,2
clincin t,2
doctor pan d capsule 15 cap,2
speedral,2
crayon,2
incense stick,2
dydro,2
caddioros,2
juiced,2
sunri,2
pioz mf,2
trimmers,2
rosuvas ez tablet 10 tab,2
remac cd,2
tynor,2
remac cd 3,2
remacc cd3,2
vinte,2
jointac,2
metosa,2
threptin,2
cald,2
ald,2
ahaglow,2
hicks t,2
sofrmi,2
karela juice,2
mustard,2
ranoze,2
dygine,2
azuli,2
muscleblaze,2
forex pm,2
jointace c2,2
b 29 tablet 10 tab,2
calpol t,2
bidin,2
go green premium quality mehendi 100 natural herbal heena g,2
salbair,2
tbis,2
moisture cream,2
baidy,2
fabric whitener,2
zyloric,2
castor oil,2
pregaba 75,2
toilet,2
meftal frte,2
exercise mat,2
hotbag,2
inderal la,2
zecal,2
flunil,2
brozed,2
pneumovax,2
methotr,2
levigress,2
methotrexate,2
aprolexa,2
lasix,2
sorbi,2
clavilp,2
veet,2
onetouch,2
valkem solution 500 mg 500mg,2
wrist splint,2
seroflo 12sychobreathe,2
dusal,2
rom,2
body,2
tontact,2
normaxin m,2
biotin tablet,2
dabur chabanpras,2
normaxin,2
 250 mg 250mg,2
cre,2
glimiprex metformin,2
product all,2
soumis cream,2
sugar lipstick,2
zymo,2
intimate wash,2
meconev,2
200 oil,2
axypent,2
tre,2
insu,2
insulin listo biphasic injection,2
alsact,2
alsacton,2
dyd,2
levocet,2
wbs,2
embeta,2
trivo,2
mic,2
micogent,2
diovol bubblegum flavour sugar free solution 170 ml 170ml,2
trivoglitor forte,2
pho,2
lotepre,2
dilz,2
dilze,2
lactare 30 capsules ttk healthcare limited.,2
dilzem,2
fora,2
aciloc r,2
amlosafe tablet te 5 mg 5mg,2
pantoprazole,2
naprosyn s,2
naprosyn sr,2
pantocid dsr capsule 10 cap sun pharma laboratories ltd.,2
midi,2
raceclo,2
tema 40,2
meftal forte,2
covi,2
covidfi,2
covidfin,2
ceph,2
lechan,2
glycino,2
nexp,2
atorva e tab 10,2
amlosafe tablet 5 mg 5mg,2
monticop,2
coerip 30 capsules koye pharmaceuticals pvt. ltd.,2
meconer,2
deplatt,2
deplatt a tablet 15 tab torrent pharmaceuticals ltd. 150 mg 150mg,2
zymoflam tablet 10 tab aristo pharmaceuticals pvt. ltd.,2
telmikin,2
telmikind amh,2
telmikind amh tablet 10 tab mankind pharma ltd.,2
telma am tablet 30 tab glenmark pharmaceuticals ltd. 40 mg 40mg,2
tacroz f,2
valprid,2
valprid cr,2
valprid cr tablet 10 tab micro labs limited 500 mg 500mg,2
pregabi,2
pregabid n,2
pregabid nt,2
vera,2
verace,2
zite,2
nexito plus,2
zory,2
dive,2
card,2
sanitiser,2
cardio,2
cardior,2
cardioro,2
cardioros,2
cardiorost,2
cardiorostin,2
dr. reckeweg r27 renal calculi drop,2
quo,2
oshea,2
dr. reckeweg r27,2
ladies,2
bar free,2
